{
    "accuracy": 0.9742451154529307,
    "precision": 0.9447513812154696,
    "recall": 0.9,
    "f1": 0.921832884097035,
    "roc_auc": 0.9936122357174989
}