{
    "accuracy": 0.9769094138543517,
    "precision": 0.9505494505494505,
    "recall": 0.9105263157894737,
    "f1": 0.9301075268817204,
    "roc_auc": 0.9895411605937922
}